video_id,label,frame_count,fps,duration_seconds,width,height,file_size_MB
right_left_C001.mp4 ,right_left,43,30.0,1.4333333333333333,1920,1080,1.25
right_left_C002.mp4 ,right_left,30,24.0,1.25,1920,1080,1.24
right_left_C003.mp4 ,right_left,29,30.0,0.9666666666666667,1920,1080,0.95
right_left_C004,right_left,40,30.0,1.3333333333333333,1920,1080,1.44
right_left_C005,right_left,28,24.0,1.1666666666666667,1920,1080,1.17
right_left_C006,right_left,94,60.0,1.5666666666666667,1920,1080,2.29
right_left_C007,right_left,45,30.0,1.5,1920,1080,1.36
right_left_C008,right_left,32,30.0,1.0666666666666667,1920,1080,1.12
right_left_C010,right_left,32,30.0,1.0666666666666667,1920,1080,1.16
right_left_C009,right_left,35,30.0,1.1666666666666667,1920,1080,1.32
right_left_C011,right_left,37,30.0,1.2333333333333334,1920,1080,1.18
right_left_C012,right_left,45,30.0,1.5,1920,1080,1.36
right_left_C013,right_left,27,24.0,1.125,1920,1080,1.17
right_left_C014,right_left,39,30.0,1.3,1920,1080,1.28
right_left_C015,right_left,31,30.0,1.0333333333333334,1920,1080,1.02
right_left_C016,right_left,32,30.0,1.0666666666666667,1920,1080,1.05
right_left_C017,right_left,30,24.0,1.25,1920,1080,1.24
right_left_C018,right_left,38,30.0,1.2666666666666666,1920,1080,1.38
right_left_C019,right_left,38,30.0,1.2666666666666666,1920,1080,1.38
right_left_C020,right_left,32,30.0,1.0666666666666667,1920,1080,1.16
right_left_C021,right_left,36,30.0,1.2,1920,1080,1.15
right_left_C022,right_left,54,30.0,1.8,1920,1080,1.51
right_left_C023,right_left,27,24.0,1.125,1920,1080,1.2
right_left_C024,right_left,36,30.0,1.2,1920,1080,1.29
right_left_C025,right_left,40,30.0,1.3333333333333333,1920,1080,1.44
right_left_C026,right_left,30,24.0,1.25,1920,1080,1.29
right_left_C027,right_left,32,30.0,1.0666666666666667,1920,1080,1.05
right_left_C028,right_left,35,30.0,1.1666666666666667,1920,1080,1.32
right_left_C029,right_left,33,30.0,1.1,1920,1080,1.09
right_left_C030,right_left,27,24.0,1.125,1920,1080,1.17
right_left_C031,right_left,32,30.0,1.0666666666666667,1920,1080,0.97
right_left_C032,right_left,31,30.0,1.0333333333333334,1920,1080,1.02
right_left_C033,right_left,54,30.0,1.8,1920,1080,1.51
right_left_C034,right_left,32,30.0,1.0666666666666667,1920,1080,1.12
right_left_C035,right_left,29,24.0,1.2083333333333333,1920,1080,1.3
right_left_C036,right_left,32,30.0,1.0666666666666667,1920,1080,0.97
right_left_C037,right_left,29,24.0,1.2083333333333333,1920,1080,1.3
right_left_C038,right_left,29,30.0,0.9666666666666667,1920,1080,0.97
right_left_C039,right_left,33,30.0,1.1,1920,1080,1.09
right_left_C040,right_left,32,30.0,1.0666666666666667,1920,1080,0.97
right_left_C041,right_left,29,30.0,0.9666666666666667,1920,1080,0.97
right_left_C042,right_left,94,60.0,1.5666666666666667,1920,1080,2.29
right_left_C043,right_left,29,30.0,0.9666666666666667,1920,1080,0.95
right_left_C044,right_left,28,24.0,1.1666666666666667,1920,1080,1.17
right_left_C045,right_left,32,30.0,1.0666666666666667,1920,1080,1.12
right_left_C046,right_left,36,30.0,1.2,1920,1080,1.29
right_left_C047.mp4 ,right_left,27,24.0,1.125,1920,1080,1.2
right_left_C048.mp4 ,right_left,32,30.0,1.0666666666666667,1920,1080,1.16
right_left_C049.mp4 ,right_left,32,30.0,1.0666666666666667,1920,1080,1.16
right_left_C050.mp4 ,right_left,36,30.0,1.2,1920,1080,1.15
right_left_C051.mp4 ,right_left,30,24.0,1.25,1920,1080,1.29
right_left_C052.mp4 ,right_left,58,30.0,1.9333333333333333,1920,1080,1.0
right_left_C053.mp4 ,right_left,61,30.0,2.033333333333333,1920,1080,0.73
right_left_C054.mp4 ,right_left,64,30.0,2.1333333333333333,1920,1080,1.01
right_left_C055.mp4 ,right_left,56,30.0,1.8666666666666667,1920,1080,0.88
right_left_C056.mp4 ,right_left,65,30.0,2.1666666666666665,1920,1080,0.72
right_left_C057.mp4 ,right_left,64,30.0,2.1333333333333333,1920,1080,0.74
right_left_C058.mp4 ,right_left,65,30.0,2.1666666666666665,1920,1080,0.78
right_left_C059.mp4 ,right_left,68,30.0,2.2666666666666666,1920,1080,0.94
right_left_C060.mp4 ,right_left,58,30.0,1.9333333333333333,1920,1080,1.07
right_left_C061.mp4 ,right_left,59,30.0,1.9666666666666666,1920,1080,1.07
right_left_C062.mp4 ,right_left,58,30.0,1.9333333333333333,1920,1080,0.85
right_left_C063.mp4 ,right_left,62,30.0,2.066666666666667,1920,1080,1.2
right_left_C064.mp4 ,right_left,70,30.0,2.3333333333333335,1920,1080,1.31
right_left_C065.mp4 ,right_left,62,30.0,2.066666666666667,1920,1080,1.06
right_left_C066.mp4 ,right_left,61,30.0,2.033333333333333,1920,1080,0.71
right_left_C067.mp4 ,right_left,65,30.0,2.1666666666666665,1920,1080,1.17
right_left_C068.mp4 ,right_left,68,30.0,2.2666666666666666,1920,1080,0.76
right_left_C069.mp4 ,right_left,60,30.0,2.0,1920,1080,0.82
right_left_C070.mp4 ,right_left,58,30.0,1.9333333333333333,1920,1080,0.95
right_left_C071.mp4 ,right_left,60,30.0,2.0,1920,1080,0.98
right_left_C072.mp4 ,right_left,67,30.0,2.2333333333333334,1920,1080,1.14
right_left_C073.mp4 ,right_left,55,30.0,1.8333333333333333,1920,1080,1.04
right_left_C074.mp4 ,right_left,60,30.0,2.0,1920,1080,1.02
right_left_C075.mp4 ,right_left,54,30.0,1.8,1920,1080,0.93
right_left_C076.mp4 ,right_left,62,30.0,2.066666666666667,1920,1080,1.05
right_left_C077.mp4 ,right_left,59,30.0,1.9666666666666666,1920,1080,0.96
right_left_C078.mp4 ,right_left,61,30.0,2.033333333333333,1920,1080,0.7
right_left_C079.mp4 ,right_left,66,30.0,2.2,1920,1080,1.08
right_left_C080.mp4 ,right_left,62,30.0,2.066666666666667,1920,1080,0.7
right_left_C081.mp4 ,right_left,61,30.0,2.033333333333333,1920,1080,1.09
right_left_C082.mp4 ,right_left,57,30.0,1.9,1920,1080,1.04
right_left_C083.mp4 ,right_left,63,30.0,2.1,1920,1080,1.09
right_left_C084.mp4 ,right_left,61,30.0,2.033333333333333,1920,1080,0.71
right_left_C085.mp4 ,right_left,66,30.0,2.2,1920,1080,1.14
right_left_C086.mp4 ,right_left,58,30.0,1.9333333333333333,1920,1080,1.02
right_left_C087.mp4 ,right_left,69,30.0,2.3,1920,1080,1.4
right_left_C088.mp4 ,right_left,58,30.0,1.9333333333333333,1920,1080,0.65
right_left_C089.mp4 ,right_left,52,30.0,1.7333333333333334,1920,1080,0.91
right_left_C090.mp4 ,right_left,57,30.0,1.9,1920,1080,1.0
right_left_C091.mp4 ,right_left,65,30.0,2.1666666666666665,1920,1080,0.73
right_left_C092.mp4 ,right_left,51,30.0,1.7,1920,1080,0.61
right_left_C093.mp4 ,right_left,55,30.0,1.8333333333333333,1920,1080,0.86
right_left_C094.mp4 ,right_left,58,30.0,1.9333333333333333,1920,1080,0.69
right_left_C095.mp4 ,right_left,58,30.0,1.9333333333333333,1920,1080,1.11
right_left_C096.mp4 ,right_left,60,30.0,2.0,1920,1080,0.97
right_left_C097.mp4 ,right_left,66,30.0,2.2,1920,1080,1.35
right_left_C098.mp4 ,right_left,58,30.0,1.9333333333333333,1920,1080,0.96
right_left_C099.mp4 ,right_left,61,30.0,2.033333333333333,1920,1080,0.73
right_left_C100.mp4 ,right_left,70,30.0,2.3333333333333335,1920,1080,1.37
right_left_C101.mp4 ,right_left,63,30.0,2.1,1920,1080,1.21
right_left_C102.mp4 ,right_left,60,30.0,2.0,1920,1080,1.1
right_left_C103.mp4 ,right_left,60,30.0,2.0,1920,1080,1.06
right_left_C104.mp4 ,right_left,63,30.0,2.1,1920,1080,0.71
right_left_C105.mp4 ,right_left,62,30.0,2.066666666666667,1920,1080,1.15
right_left_C106.mp4 ,right_left,59,30.0,1.9666666666666666,1920,1080,0.97
right_left_C107.mp4 ,right_left,61,30.0,2.033333333333333,1920,1080,0.7
right_left_C108.mp4 ,right_left,65,30.0,2.1666666666666665,1920,1080,1.11
right_left_C109.mp4 ,right_left,64,30.0,2.1333333333333333,1920,1080,1.01
right_left_C110.mp4 ,right_left,64,30.0,2.1333333333333333,1920,1080,1.09
right_left_C111.mp4 ,right_left,61,30.0,2.033333333333333,1920,1080,0.81
right_left_C112.mp4 ,right_left,66,30.0,2.2,1920,1080,1.1
right_left_C113.mp4 ,right_left,58,30.0,1.9333333333333333,1920,1080,1.01
right_left_C114.mp4 ,right_left,61,30.0,2.033333333333333,1920,1080,0.96
right_right_C001.mp4 ,right_right,62,30.0,2.066666666666667,1920,1080,1.17
right_right_C002.mp4 ,right_right,60,30.0,2.0,1920,1080,1.09
right_right_C003,right_right,73,30.0,2.433333333333333,1920,1080,1.32
right_right_C004,right_right,66,30.0,2.2,1920,1080,1.0
right_right_C005,right_right,69,30.0,2.3,1920,1080,1.25
right_right_C006,right_right,64,30.0,2.1333333333333333,1920,1080,1.22
right_right_C007,right_right,58,30.0,1.9333333333333333,1920,1080,1.09
right_right_C008,right_right,66,30.0,2.2,1920,1080,1.27
right_right_C009,right_right,66,30.0,2.2,1920,1080,1.22
right_right_C010,right_right,68,30.0,2.2666666666666666,1920,1080,1.18
right_right_C011,right_right,65,30.0,2.1666666666666665,1920,1080,0.98
right_right_C012,right_right,65,30.0,2.1666666666666665,1920,1080,1.19
right_right_C013,right_right,60,30.0,2.0,1920,1080,1.07
right_right_C014,right_right,72,30.0,2.4,1920,1080,1.35
right_right_C015,right_right,63,30.0,2.1,1920,1080,0.99
right_right_C016,right_right,61,30.0,2.033333333333333,1920,1080,1.11
right_right_C017,right_right,59,30.0,1.9666666666666666,1920,1080,1.07
right_right_C018,right_right,75,30.0,2.5,1920,1080,1.11
right_right_C019,right_right,66,30.0,2.2,1920,1080,1.01
right_right_C020,right_right,59,30.0,1.9666666666666666,1920,1080,1.01
right_right_C021,right_right,59,30.0,1.9666666666666666,1920,1080,1.16
right_right_C022,right_right,56,30.0,1.8666666666666667,1920,1080,0.97
right_right_C023,right_right,67,30.0,2.2333333333333334,1920,1080,1.19
right_right_C024,right_right,61,30.0,2.033333333333333,1920,1080,1.13
right_right_C025,right_right,64,30.0,2.1333333333333333,1920,1080,1.19
right_right_C026,right_right,66,30.0,2.2,1920,1080,1.23
right_right_C027,right_right,57,30.0,1.9,1920,1080,1.03
right_right_C028,right_right,55,30.0,1.8333333333333333,1920,1080,1.02
right_right_C029,right_right,58,30.0,1.9333333333333333,1920,1080,1.09
right_right_C030,right_right,59,30.0,1.9666666666666666,1920,1080,1.13
right_right_C031,right_right,73,30.0,2.433333333333333,1920,1080,1.32
right_right_C032,right_right,64,30.0,2.1333333333333333,1920,1080,1.18
right_right_C033,right_right,60,30.0,2.0,1920,1080,1.11
right_right_C034,right_right,58,30.0,1.9333333333333333,1920,1080,0.98
right_right_C035,right_right,65,30.0,2.1666666666666665,1920,1080,1.0
right_right_C036,right_right,58,30.0,1.9333333333333333,1920,1080,0.99
right_right_C037,right_right,60,30.0,2.0,1920,1080,1.13
right_right_C038,right_right,63,30.0,2.1,1920,1080,1.07
right_right_C039,right_right,72,30.0,2.4,1920,1080,1.07
right_right_C040,right_right,71,30.0,2.3666666666666667,1920,1080,1.21
right_right_C041,right_right,54,30.0,1.8,1920,1080,0.98
right_right_C042,right_right,67,30.0,2.2333333333333334,1920,1080,0.98
right_right_C043,right_right,61,30.0,2.033333333333333,1920,1080,1.07
right_right_C044,right_right,70,30.0,2.3333333333333335,1920,1080,1.36
right_right_C045,right_right,71,30.0,2.3666666666666667,1920,1080,1.01
right_right_C046,right_right,69,30.0,2.3,1920,1080,1.26
right_right_C047,right_right,64,30.0,2.1333333333333333,1920,1080,1.21
right_right_C048,right_right,62,30.0,2.066666666666667,1920,1080,0.9
right_right_C049,right_right,59,30.0,1.9666666666666666,1920,1080,1.07
right_right_C050,right_right,71,30.0,2.3666666666666667,1920,1080,1.27
right_right_C051,right_right,67,30.0,2.2333333333333334,1920,1080,1.21
right_right_C052,right_right,67,30.0,2.2333333333333334,1920,1080,1.22
right_right_C053,right_right,71,30.0,2.3666666666666667,1920,1080,1.25
right_right_C054,right_right,40,30.0,1.3333333333333333,1920,1080,0.78
right_right_C055,right_right,70,30.0,2.3333333333333335,1920,1080,1.1
right_right_C056,right_right,37,30.0,1.2333333333333334,1920,1080,0.77
right_right_C057,right_right,67,30.0,2.2333333333333334,1920,1080,1.22
right_right_C058,right_right,55,30.0,1.8333333333333333,1920,1080,0.98
right_right_C059,right_right,65,30.0,2.1666666666666665,1920,1080,1.06
right_right_C060,right_right,68,30.0,2.2666666666666666,1920,1080,1.08
right_right_C061,right_right,60,30.0,2.0,1920,1080,1.1
right_right_C062,right_right,68,30.0,2.2666666666666666,1920,1080,1.18
right_right_C063,right_right,65,30.0,2.1666666666666665,1920,1080,1.2
right_right_C064,right_right,69,30.0,2.3,1920,1080,1.28
right_right_C065,right_right,71,30.0,2.3666666666666667,1920,1080,1.28
right_right_C066,right_right,63,30.0,2.1,1920,1080,1.21
right_right_C067,right_right,60,30.0,2.0,1920,1080,1.1
right_right_C068,right_right,57,30.0,1.9,1920,1080,0.98
right_right_C069,right_right,57,30.0,1.9,1920,1080,0.86
right_right_C070,right_right,58,30.0,1.9333333333333333,1920,1080,0.87
right_right_C071,right_right,69,30.0,2.3,1920,1080,1.02
right_right_C072,right_right,68,30.0,2.2666666666666666,1920,1080,1.08
right_right_C073,right_right,70,30.0,2.3333333333333335,1920,1080,1.28
right_right_C074,right_right,61,30.0,2.033333333333333,1920,1080,1.15
right_right_C075,right_right,66,30.0,2.2,1920,1080,1.03
right_right_C076,right_right,63,30.0,2.1,1920,1080,1.13
right_right_C077,right_right,58,30.0,1.9333333333333333,1920,1080,0.91
right_right_C078,right_right,70,30.0,2.3333333333333335,1920,1080,1.26
right_right_C079,right_right,59,30.0,1.9666666666666666,1920,1080,1.07
right_right_C080,right_right,63,30.0,2.1,1920,1080,1.12
right_right_C081,right_right,57,30.0,1.9,1920,1080,1.03
right_right_C082,right_right,60,30.0,2.0,1920,1080,1.12
right_right_C083,right_right,60,30.0,2.0,1920,1080,1.04
right_right_C084,right_right,64,30.0,2.1333333333333333,1920,1080,1.22
right_right_C085,right_right,64,30.0,2.1333333333333333,1920,1080,1.21
right_right_C086,right_right,60,30.0,2.0,1920,1080,1.01
right_right_C087,right_right,67,30.0,2.2333333333333334,1920,1080,1.18
right_right_C088,right_right,62,30.0,2.066666666666667,1920,1080,1.22
right_right_C089,right_right,71,30.0,2.3666666666666667,1920,1080,1.27
right_right_C090,right_right,72,30.0,2.4,1920,1080,1.0
right_right_C091,right_right,71,30.0,2.3666666666666667,1920,1080,1.19
right_right_C092,right_right,56,30.0,1.8666666666666667,1920,1080,1.01
right_right_C093,right_right,68,30.0,2.2666666666666666,1920,1080,1.27
right_right_C094,right_right,62,30.0,2.066666666666667,1920,1080,1.15
right_right_C095,right_right,66,30.0,2.2,1920,1080,1.27
right_right_C096,right_right,70,30.0,2.3333333333333335,1920,1080,1.23
right_right_C097,right_right,57,30.0,1.9,1920,1080,1.02
right_right_C098,right_right,35,30.0,1.1666666666666667,1920,1080,1.17
right_right_C099,right_right,39,30.0,1.3,1920,1080,1.25
right_right_C100,right_right,41,30.0,1.3666666666666667,1920,1080,1.4
right_right_C101,right_right,32,30.0,1.0666666666666667,1920,1080,1.18
right_right_C102,right_right,33,30.0,1.1,1920,1080,1.13
right_right_C103,right_right,40,30.0,1.3333333333333333,1920,1080,1.22
right_right_C104,right_right,37,30.0,1.2333333333333334,1920,1080,1.33
right_right_C105,right_right,38,30.0,1.2666666666666666,1920,1080,1.26
right_right_C106,right_right,41,30.0,1.3666666666666667,1920,1080,1.37
right_right_C107,right_right,35,30.0,1.1666666666666667,1920,1080,1.17
right_right_C108,right_right,38,30.0,1.2666666666666666,1920,1080,1.28
right_right_C109,right_right,34,30.0,1.1333333333333333,1920,1080,1.11
right_right_C110,right_right,36,30.0,1.2,1920,1080,1.34
right_right_C111,right_right,40,30.0,1.3333333333333333,1920,1080,1.24
right_right_C112,right_right,36,30.0,1.2,1920,1080,1.33
right_right_C113,right_right,40,30.0,1.3333333333333333,1920,1080,1.22
right_right_C114,right_right,47,30.0,1.5666666666666667,1920,1080,1.43
right_right_C115,right_right,48,30.0,1.6,1920,1080,1.47
right_right_C116,right_right,41,30.0,1.3666666666666667,1920,1080,1.37
right_right_C117,right_right,40,30.0,1.3333333333333333,1920,1080,1.24
right_right_C118,right_right,40,30.0,1.3333333333333333,1920,1080,1.22
right_right_C119,right_right,53,30.0,1.7666666666666666,1920,1080,1.57
right_right_C120,right_right,38,30.0,1.2666666666666666,1920,1080,1.26
right_right_C121,right_right,33,30.0,1.1,1920,1080,1.24
right_right_C122,right_right,37,30.0,1.2333333333333334,1920,1080,1.34
right_right_C123,right_right,35,30.0,1.1666666666666667,1920,1080,1.25
right_right_C124,right_right,40,30.0,1.3333333333333333,1920,1080,1.15
right_right_C125,right_right,47,30.0,1.5666666666666667,1920,1080,1.43
right_right_C126,right_right,37,30.0,1.2333333333333334,1920,1080,1.34
right_right_C127,right_right,37,30.0,1.2333333333333334,1920,1080,1.32
right_right_C128,right_right,37,30.0,1.2333333333333334,1920,1080,1.34
right_right_C130,right_right,48,30.0,1.6,1920,1080,1.47
right_right_C131,right_right,35,30.0,1.1666666666666667,1920,1080,1.25
right_right_C129,right_right,39,30.0,1.3,1920,1080,1.42
right_right_C132,right_right,39,30.0,1.3,1920,1080,1.24
right_right_C133,right_right,38,30.0,1.2666666666666666,1920,1080,1.31
right_right_C134,right_right,40,30.0,1.3333333333333333,1920,1080,1.15
right_right_C135,right_right,33,30.0,1.1,1920,1080,1.24
right_right_C136,right_right,40,30.0,1.3333333333333333,1920,1080,1.42
right_right_C137,right_right,32,30.0,1.0666666666666667,1920,1080,1.18
right_right_C138,right_right,37,30.0,1.2333333333333334,1920,1080,1.1
right_right_C139,right_right,36,30.0,1.2,1920,1080,1.32
right_right_C140,right_right,38,30.0,1.2666666666666666,1920,1080,1.35
right_right_C141,right_right,35,30.0,1.1666666666666667,1920,1080,1.24
right_right_C142,right_right,32,30.0,1.0666666666666667,1920,1080,1.15
right_right_C143,right_right,36,30.0,1.2,1920,1080,1.34
right_right_C144,right_right,35,30.0,1.1666666666666667,1920,1080,1.24
right_right_C145,right_right,40,30.0,1.3333333333333333,1920,1080,1.43
right_right_C146,right_right,41,30.0,1.3666666666666667,1920,1080,1.4
right_right_C147,right_right,37,30.0,1.2333333333333334,1920,1080,1.1
right_right_C148,right_right,40,30.0,1.3333333333333333,1920,1080,1.42
right_right_C149,right_right,37,30.0,1.2333333333333334,1920,1080,1.32
right_right_C150,right_right,35,30.0,1.1666666666666667,1920,1080,1.24
right_right_C151,right_right,39,30.0,1.3,1920,1080,1.24
right_right_C152,right_right,38,30.0,1.2666666666666666,1920,1080,1.31
right_right_C153,right_right,37,30.0,1.2333333333333334,1920,1080,1.25
right_right_C154,right_right,37,30.0,1.2333333333333334,1920,1080,1.32
right_right_C155,right_right,38,30.0,1.2666666666666666,1920,1080,1.33
right_right_C156,right_right,34,30.0,1.1333333333333333,1920,1080,1.11
right_right_C157,right_right,40,30.0,1.3333333333333333,1920,1080,1.43
right_right_C158,right_right,38,30.0,1.2666666666666666,1920,1080,1.35
right_right_C159,right_right,38,30.0,1.2666666666666666,1920,1080,1.28
right_right_C160.mp4 ,right_right,35,30.0,1.1666666666666667,1920,1080,1.24
right_right_C161.mp4 ,right_right,36,30.0,1.2,1920,1080,1.32
right_right_C162.mp4 ,right_right,37,30.0,1.2333333333333334,1920,1080,1.25
right_right_C163.mp4 ,right_right,32,30.0,1.0666666666666667,1920,1080,1.15
right_right_C164.mp4 ,right_right,33,30.0,1.1,1920,1080,1.13
right_right_C165.mp4 ,right_right,38,30.0,1.2666666666666666,1920,1080,1.33
right_right_C166.mp4 ,right_right,35,30.0,1.1666666666666667,1920,1080,1.17
right_right_C167.mp4 ,right_right,53,30.0,1.7666666666666666,1920,1080,1.57
right_right_C168.mp4 ,right_right,37,30.0,1.2333333333333334,1920,1080,1.34
right_right_C169.mp4 ,right_right,39,30.0,1.3,1920,1080,1.25
right_right_C170.mp4 ,right_right,36,30.0,1.2,1920,1080,1.33
right_right_C171.mp4 ,right_right,42,30.0,1.4,1920,1080,1.39
right_right_C172.mp4 ,right_right,37,30.0,1.2333333333333334,1920,1080,1.32
right_right_C173.mp4 ,right_right,42,30.0,1.4,1920,1080,1.39
right_right_C174.mp4 ,right_right,37,30.0,1.2333333333333334,1920,1080,1.33
right_right_C175.mp4 ,right_right,71,30.0,2.3666666666666667,1920,1080,1.26
right_right_C176.mp4 ,right_right,72,30.0,2.4,1920,1080,1.25
right_right_C177.mp4 ,right_right,69,30.0,2.3,1920,1080,1.19
right_right_C178.mp4 ,right_right,72,30.0,2.4,1920,1080,1.22
right_right_C179.mp4 ,right_right,68,30.0,2.2666666666666666,1920,1080,1.22
right_right_C180.mp4 ,right_right,70,30.0,2.3333333333333335,1920,1080,1.17
right_right_C181.mp4 ,right_right,69,30.0,2.3,1920,1080,1.23
right_right_C182.mp4 ,right_right,74,30.0,2.466666666666667,1920,1080,1.29
right_right_C183.mp4 ,right_right,72,30.0,2.4,1920,1080,1.25
right_right_C184.mp4 ,right_right,69,30.0,2.3,1920,1080,1.22
right_right_C185.mp4 ,right_right,72,30.0,2.4,1920,1080,1.24
right_right_C186.mp4 ,right_right,72,30.0,2.4,1920,1080,1.3
right_right_C187.mp4 ,right_right,70,30.0,2.3333333333333335,1920,1080,1.19
right_right_C188.mp4 ,right_right,68,30.0,2.2666666666666666,1920,1080,1.22
right_right_C189.mp4 ,right_right,68,30.0,2.2666666666666666,1920,1080,1.24
left_left_C001,left_left,32,30.0,1.0666666666666667,1920,1080,1.15
left_left_C002,left_left,32,30.0,1.0666666666666667,1920,1080,1.15
left_left_C003,left_left,33,30.0,1.1,1920,1080,1.08
left_left_C004,left_left,36,30.0,1.2,1920,1080,1.31
left_left_C005,left_left,33,30.0,1.1,1920,1080,1.08
left_left_C006,left_left,38,30.0,1.2666666666666666,1920,1080,1.29
left_left_C007,left_left,34,30.0,1.1333333333333333,1920,1080,1.2
left_left_C008.mp4 ,left_left,38,30.0,1.2666666666666666,1920,1080,1.29
left_left_C009.mp4 ,left_left,36,30.0,1.2,1920,1080,1.31
left_left_C010.mp4 ,left_left,38,30.0,1.2666666666666666,1920,1080,1.29
left_left_C011.mp4 ,left_left,34,30.0,1.1333333333333333,1920,1080,1.2
left_left_C012.mp4 ,left_left,34,30.0,1.1333333333333333,1920,1080,1.16
left_left_C013.mp4 ,left_left,35,30.0,1.1666666666666667,1920,1080,1.04
left_left_C014.mp4 ,left_left,33,30.0,1.1,1920,1080,1.15
left_left_C015.mp4 ,left_left,34,30.0,1.1333333333333333,1920,1080,1.13
left_left_C016.mp4 ,left_left,35,30.0,1.1666666666666667,1920,1080,1.17
left_left_C017.mp4 ,left_left,33,30.0,1.1,1920,1080,1.19
left_left_C019.mp4 ,left_left,33,30.0,1.1,1920,1080,1.09
left_left_C018.mp4 ,left_left,34,30.0,1.1333333333333333,1920,1080,1.14
left_left_C020.mp4 ,left_left,35,30.0,1.1666666666666667,1920,1080,1.16
left_left_C021.mp4 ,left_left,35,30.0,1.1666666666666667,1920,1080,1.18
left_left_C022.mp4 ,left_left,33,30.0,1.1,1920,1080,1.09
left_left_C023.mp4 ,left_left,34,30.0,1.1333333333333333,1920,1080,1.16
left_left_C024.mp4 ,left_left,35,30.0,1.1666666666666667,1920,1080,1.04
left_left_C025.mp4 ,left_left,33,30.0,1.1,1920,1080,1.15
left_left_C026.mp4 ,left_left,34,30.0,1.1333333333333333,1920,1080,1.13
left_left_C027.mp4 ,left_left,35,30.0,1.1666666666666667,1920,1080,1.17
left_left_C028.mp4 ,left_left,33,30.0,1.1,1920,1080,1.19
left_left_C029.mp4 ,left_left,34,30.0,1.1333333333333333,1920,1080,1.14
left_left_C030.mp4 ,left_left,33,30.0,1.1,1920,1080,1.09
left_left_C031.mp4 ,left_left,35,30.0,1.1666666666666667,1920,1080,1.16
left_left_C032.mp4 ,left_left,35,30.0,1.1666666666666667,1920,1080,1.18
left_left_C033.mp4 ,left_left,33,30.0,1.1,1920,1080,1.09
left_left_C034.mp4 ,left_left,36,30.0,1.2,1920,1080,1.26
left_left_C035.mp4 ,left_left,36,30.0,1.2,1920,1080,1.19
left_left_C036.mp4 ,left_left,36,30.0,1.2,1920,1080,1.26
left_left_C037.mp4 ,left_left,36,30.0,1.2,1920,1080,1.19
left_left_C038,left_left,66,30.0,2.2,1920,1080,1.11
left_left_C040,left_left,68,30.0,2.2666666666666666,1920,1080,1.33
left_left_C041,left_left,64,30.0,2.1333333333333333,1920,1080,1.07
left_left_C042,left_left,69,30.0,2.3,1920,1080,1.37
left_left_C043,left_left,70,30.0,2.3333333333333335,1920,1080,1.23
left_left_C044,left_left,63,30.0,2.1,1920,1080,1.17
left_left_C045,left_left,64,30.0,2.1333333333333333,1920,1080,1.28
left_left_C046,left_left,67,30.0,2.2333333333333334,1920,1080,1.13
left_left_C047,left_left,63,30.0,2.1,1920,1080,1.13
left_left_C048,left_left,66,30.0,2.2,1920,1080,1.21
left_left_C039,left_left,59,30.0,1.9666666666666666,1920,1080,1.07
left_left_C049,left_left,70,30.0,2.3333333333333335,1920,1080,1.15
left_left_C050,left_left,64,30.0,2.1333333333333333,1920,1080,1.09
left_left_C051,left_left,71,30.0,2.3666666666666667,1920,1080,1.16
left_left_C052,left_left,65,30.0,2.1666666666666665,1920,1080,1.28
left_left_C053,left_left,55,30.0,1.8333333333333333,1920,1080,1.02
left_left_C054,left_left,69,30.0,2.3,1920,1080,1.26
left_left_C055,left_left,75,30.0,2.5,1920,1080,1.3
left_left_C056,left_left,70,30.0,2.3333333333333335,1920,1080,1.15
left_left_C057,left_left,56,30.0,1.8666666666666667,1920,1080,1.0
left_left_C058,left_left,64,30.0,2.1333333333333333,1920,1080,1.27
left_left_C059,left_left,63,30.0,2.1,1920,1080,1.14
left_left_C060,left_left,64,30.0,2.1333333333333333,1920,1080,1.1
left_left_C061,left_left,63,30.0,2.1,1920,1080,1.1
left_left_C062,left_left,70,30.0,2.3333333333333335,1920,1080,1.22
left_left_C063,left_left,59,30.0,1.9666666666666666,1920,1080,1.17
left_left_C064,left_left,63,30.0,2.1,1920,1080,1.02
left_left_C065,left_left,65,30.0,2.1666666666666665,1920,1080,1.26
left_left_C066,left_left,68,30.0,2.2666666666666666,1920,1080,1.29
left_left_C067,left_left,63,30.0,2.1,1920,1080,1.21
left_left_C068,left_left,65,30.0,2.1666666666666665,1920,1080,1.14
left_left_C069,left_left,67,30.0,2.2333333333333334,1920,1080,1.25
left_left_C070,left_left,65,30.0,2.1666666666666665,1920,1080,1.23
left_left_C071,left_left,60,30.0,2.0,1920,1080,1.17
left_left_C072,left_left,63,30.0,2.1,1920,1080,1.21
left_left_C073,left_left,65,30.0,2.1666666666666665,1920,1080,1.17
left_left_C074,left_left,65,30.0,2.1666666666666665,1920,1080,1.25
left_left_C075,left_left,70,30.0,2.3333333333333335,1920,1080,1.18
left_left_C076,left_left,67,30.0,2.2333333333333334,1920,1080,1.19
left_left_C077,left_left,67,30.0,2.2333333333333334,1920,1080,1.25
left_left_C078,left_left,64,30.0,2.1333333333333333,1920,1080,1.28
left_left_C079,left_left,67,30.0,2.2333333333333334,1920,1080,1.23
left_left_C080,left_left,62,30.0,2.066666666666667,1920,1080,1.22
left_left_C081,left_left,63,30.0,2.1,1920,1080,1.18
left_left_C082,left_left,67,30.0,2.2333333333333334,1920,1080,1.33
left_left_C083,left_left,68,30.0,2.2666666666666666,1920,1080,1.15
left_left_C084,left_left,61,30.0,2.033333333333333,1920,1080,1.12
left_left_C085,left_left,69,30.0,2.3,1920,1080,1.3
left_left_C086,left_left,66,30.0,2.2,1920,1080,1.16
left_left_C087,left_left,65,30.0,2.1666666666666665,1920,1080,1.2
left_left_C088,left_left,63,30.0,2.1,1920,1080,1.18
left_left_C089,left_left,61,30.0,2.033333333333333,1920,1080,1.17
left_left_C090,left_left,65,30.0,2.1666666666666665,1920,1080,1.18
left_left_C091,left_left,57,30.0,1.9,1920,1080,1.04
left_left_C092,left_left,66,30.0,2.2,1920,1080,1.22
left_left_C093,left_left,61,30.0,2.033333333333333,1920,1080,1.0
left_left_C094,left_left,58,30.0,1.9333333333333333,1920,1080,1.07
left_left_C095,left_left,68,30.0,2.2666666666666666,1920,1080,1.11
left_left_C096,left_left,68,30.0,2.2666666666666666,1920,1080,1.39
left_left_C097,left_left,57,30.0,1.9,1920,1080,1.04
left_left_C098,left_left,64,30.0,2.1333333333333333,1920,1080,1.22
left_left_C099,left_left,67,30.0,2.2333333333333334,1920,1080,1.16
left_left_C100,left_left,68,30.0,2.2666666666666666,1920,1080,1.15
left_left_C101,left_left,64,30.0,2.1333333333333333,1920,1080,1.2
left_left_C102,left_left,60,30.0,2.0,1920,1080,1.1
left_left_C103,left_left,60,30.0,2.0,1920,1080,1.2
left_left_C104,left_left,56,30.0,1.8666666666666667,1920,1080,1.19
left_left_C105,left_left,74,30.0,2.466666666666667,1920,1080,1.54
left_left_C106,left_left,73,30.0,2.433333333333333,1920,1080,1.36
left_left_C107,left_left,63,30.0,2.1,1920,1080,1.24
left_left_C108,left_left,58,30.0,1.9333333333333333,1920,1080,1.18
left_left_C109,left_left,61,30.0,2.033333333333333,1920,1080,1.24
left_left_C110,left_left,62,30.0,2.066666666666667,1920,1080,1.27
left_left_C111,left_left,73,30.0,2.433333333333333,1920,1080,1.25
left_left_C112,left_left,66,30.0,2.2,1920,1080,1.33
left_left_C113,left_left,59,30.0,1.9666666666666666,1920,1080,1.11
left_left_C114,left_left,73,30.0,2.433333333333333,1920,1080,1.23
left_left_C115,left_left,59,30.0,1.9666666666666666,1920,1080,1.09
left_left_C116,left_left,58,30.0,1.9333333333333333,1920,1080,1.13
left_left_C117,left_left,61,30.0,2.033333333333333,1920,1080,1.28
left_left_C118,left_left,65,30.0,2.1666666666666665,1920,1080,1.21
left_left_C119,left_left,67,30.0,2.2333333333333334,1920,1080,1.34
left_left_C120,left_left,63,30.0,2.1,1920,1080,1.23
left_left_C121,left_left,55,30.0,1.8333333333333333,1920,1080,1.11
left_left_C122,left_left,65,30.0,2.1666666666666665,1920,1080,1.24
left_left_C123,left_left,60,30.0,2.0,1920,1080,1.07
left_left_C124,left_left,64,30.0,2.1333333333333333,1920,1080,1.22
left_left_C125,left_left,71,30.0,2.3666666666666667,1920,1080,1.37
left_left_C126,left_left,60,30.0,2.0,1920,1080,1.11
left_left_C127,left_left,67,30.0,2.2333333333333334,1920,1080,1.3
left_left_C128,left_left,66,30.0,2.2,1920,1080,1.32
left_left_C129,left_left,66,30.0,2.2,1920,1080,1.24
left_left_C130,left_left,62,30.0,2.066666666666667,1920,1080,1.3
left_left_C131,left_left,62,30.0,2.066666666666667,1920,1080,1.19
left_left_C132,left_left,63,30.0,2.1,1920,1080,1.27
left_left_C133,left_left,61,30.0,2.033333333333333,1920,1080,1.18
left_left_C134,left_left,53,30.0,1.7666666666666666,1920,1080,1.04
left_left_C135,left_left,74,30.0,2.466666666666667,1920,1080,1.48
left_left_C136,left_left,60,30.0,2.0,1920,1080,1.14
left_left_C137,left_left,68,30.0,2.2666666666666666,1920,1080,1.31
left_left_C138,left_left,57,30.0,1.9,1920,1080,1.21
left_left_C139,left_left,59,30.0,1.9666666666666666,1920,1080,1.2
left_left_C140,left_left,65,30.0,2.1666666666666665,1920,1080,1.19
left_left_C141,left_left,70,30.0,2.3333333333333335,1920,1080,1.48
left_left_C142,left_left,59,30.0,1.9666666666666666,1920,1080,1.14
left_left_C143,left_left,78,30.0,2.6,1920,1080,1.61
left_left_C144,left_left,62,30.0,2.066666666666667,1920,1080,1.21
left_left_C145,left_left,60,30.0,2.0,1920,1080,1.15
left_left_C146,left_left,63,30.0,2.1,1920,1080,1.2
left_left_C147,left_left,63,30.0,2.1,1920,1080,1.27
left_left_C148,left_left,65,30.0,2.1666666666666665,1920,1080,1.29
left_left_C149,left_left,59,30.0,1.9666666666666666,1920,1080,1.18
left_left_C150,left_left,65,30.0,2.1666666666666665,1920,1080,1.31
left_left_C151,left_left,64,30.0,2.1333333333333333,1920,1080,1.05
left_left_C152,left_left,62,30.0,2.066666666666667,1920,1080,1.22
left_left_C153,left_left,73,30.0,2.433333333333333,1920,1080,1.62
left_left_C154,left_left,69,30.0,2.3,1920,1080,1.38
left_left_C155,left_left,65,30.0,2.1666666666666665,1920,1080,1.13
left_left_C156,left_left,60,30.0,2.0,1920,1080,1.23
left_left_C157,left_left,62,30.0,2.066666666666667,1920,1080,1.28
left_left_C158,left_left,60,30.0,2.0,1920,1080,1.15
left_left_C159,left_left,73,30.0,2.433333333333333,1920,1080,1.55
left_left_C160,left_left,67,30.0,2.2333333333333334,1920,1080,1.28
left_left_C161,left_left,60,30.0,2.0,1920,1080,1.18
left_left_C162,left_left,65,30.0,2.1666666666666665,1920,1080,1.31
left_left_C163,left_left,66,30.0,2.2,1920,1080,1.24
left_left_C164,left_left,63,30.0,2.1,1920,1080,1.17
left_left_C165,left_left,67,30.0,2.2333333333333334,1920,1080,1.12
left_left_C166,left_left,66,30.0,2.2,1920,1080,1.27
left_left_C167,left_left,60,30.0,2.0,1920,1080,1.16
left_left_C168,left_left,68,30.0,2.2666666666666666,1920,1080,1.42
left_left_C169,left_left,64,30.0,2.1333333333333333,1920,1080,1.24
left_left_C170,left_left,69,30.0,2.3,1920,1080,1.2
left_left_C171,left_left,69,30.0,2.3,1920,1080,1.35
left_left_C172,left_left,59,30.0,1.9666666666666666,1920,1080,1.09
left_left_C173,left_left,64,30.0,2.1333333333333333,1920,1080,1.3
left_left_C174,left_left,64,30.0,2.1333333333333333,1920,1080,1.06
left_left_C175,left_left,56,30.0,1.8666666666666667,1920,1080,1.03
left_left_C176,left_left,70,30.0,2.3333333333333335,1920,1080,1.2
left_left_C177,left_left,63,30.0,2.1,1920,1080,1.35
left_left_C178,left_left,69,30.0,2.3,1920,1080,1.36
left_left_C179,left_left,78,30.0,2.6,1920,1080,1.44
left_left_C180,left_left,61,30.0,2.033333333333333,1920,1080,1.23
left_left_C181,left_left,60,30.0,2.0,1920,1080,1.17
left_left_C182,left_left,66,30.0,2.2,1920,1080,1.32
left_left_C183,left_left,81,30.0,2.7,1920,1080,1.6
left_left_C184,left_left,57,30.0,1.9,1920,1080,1.08
left_left_C185,left_left,73,30.0,2.433333333333333,1920,1080,1.45
left_left_C186,left_left,70,30.0,2.3333333333333335,1920,1080,1.46
left_left_C187,left_left,71,30.0,2.3666666666666667,1920,1080,1.37
left_left_C188,left_left,59,30.0,1.9666666666666666,1920,1080,1.23
left_left_C189,left_left,66,30.0,2.2,1920,1080,1.39
left_left_C190,left_left,62,30.0,2.066666666666667,1920,1080,1.2
left_left_C191,left_left,58,30.0,1.9333333333333333,1920,1080,1.12
left_left_C192,left_left,63,30.0,2.1,1920,1080,1.21
left_left_C193,left_left,65,30.0,2.1666666666666665,1920,1080,1.14
left_left_C194,left_left,66,30.0,2.2,1920,1080,1.33
left_left_C195,left_left,62,30.0,2.066666666666667,1920,1080,1.08
left_left_C196,left_left,65,30.0,2.1666666666666665,1920,1080,1.29
left_left_C197,left_left,62,30.0,2.066666666666667,1920,1080,1.23
left_left_C198,left_left,67,30.0,2.2333333333333334,1920,1080,1.44
left_left_C199,left_left,60,30.0,2.0,1920,1080,1.16
left_left_C200,left_left,66,30.0,2.2,1920,1080,1.14
left_right_C001,left_right,34,30.0,1.1333333333333333,1920,1080,1.27
left_right_C002,left_right,40,30.0,1.3333333333333333,1920,1080,1.48
left_right_C003,left_right,36,30.0,1.2,1920,1080,1.25
left_right_C004.mp4 ,left_right,34,30.0,1.1333333333333333,1920,1080,1.31
left_right_C005,left_right,39,30.0,1.3,1920,1080,1.31
left_right_C006,left_right,34,30.0,1.1333333333333333,1920,1080,1.31
left_right_C007,left_right,30,30.0,1.0,1920,1080,0.96
left_right_C008,left_right,35,30.0,1.1666666666666667,1920,1080,1.17
left_right_C009,left_right,39,30.0,1.3,1920,1080,1.32
left_right_C010,left_right,39,30.0,1.3,1920,1080,1.32
left_right_C011,left_right,31,30.0,1.0333333333333334,1920,1080,1.06
left_right_C012,left_right,38,30.0,1.2666666666666666,1920,1080,1.3
left_right_C013,left_right,36,30.0,1.2,1920,1080,1.33
left_right_C014,left_right,36,30.0,1.2,1920,1080,1.26
left_right_C015,left_right,37,30.0,1.2333333333333334,1920,1080,1.39
left_right_C016,left_right,37,30.0,1.2333333333333334,1920,1080,1.38
left_right_C017,left_right,34,30.0,1.1333333333333333,1920,1080,1.27
left_right_C018,left_right,31,30.0,1.0333333333333334,1920,1080,1.06
left_right_C019,left_right,30,30.0,1.0,1920,1080,0.96
left_right_C020,left_right,37,30.0,1.2333333333333334,1920,1080,1.37
left_right_C021,left_right,55,30.0,1.8333333333333333,1920,1080,1.7
left_right_C022,left_right,30,30.0,1.0,1920,1080,1.09
left_right_C023,left_right,36,30.0,1.2,1920,1080,1.26
left_right_C024,left_right,41,30.0,1.3666666666666667,1920,1080,1.34
left_right_C025,left_right,39,30.0,1.3,1920,1080,1.31
left_right_C026,left_right,56,30.0,1.8666666666666667,1920,1080,1.76
left_right_C027,left_right,37,30.0,1.2333333333333334,1920,1080,1.37
left_right_C028,left_right,38,30.0,1.2666666666666666,1920,1080,1.3
left_right_C029,left_right,55,30.0,1.8333333333333333,1920,1080,1.7
left_right_C030,left_right,41,30.0,1.3666666666666667,1920,1080,1.34
left_right_C031,left_right,34,30.0,1.1333333333333333,1920,1080,1.27
left_right_C032,left_right,35,30.0,1.1666666666666667,1920,1080,1.17
left_right_C033,left_right,56,30.0,1.8666666666666667,1920,1080,1.76
left_right_C034.mp4 ,left_right,36,30.0,1.2,1920,1080,1.33
left_right_C035.mp4 ,left_right,40,30.0,1.3333333333333333,1920,1080,1.48
left_right_C036.mp4 ,left_right,36,30.0,1.2,1920,1080,1.25
left_right_C037.mp4 ,left_right,37,30.0,1.2333333333333334,1920,1080,1.38
left_right_C038.mp4 ,left_right,37,30.0,1.2333333333333334,1920,1080,1.39
left_right_C039.mp4 ,left_right,64,30.0,2.1333333333333333,1920,1080,1.16
left_right_C040.mp4 ,left_right,68,30.0,2.2666666666666666,1920,1080,1.06
left_right_C041.mp4 ,left_right,69,30.0,2.3,1920,1080,0.83
left_right_C042.mp4 ,left_right,61,30.0,2.033333333333333,1920,1080,1.15
left_right_C043.mp4 ,left_right,56,30.0,1.8666666666666667,1920,1080,0.93
left_right_C044.mp4 ,left_right,58,30.0,1.9333333333333333,1920,1080,1.14
left_right_C045.mp4 ,left_right,58,30.0,1.9333333333333333,1920,1080,1.14
left_right_C046.mp4 ,left_right,63,30.0,2.1,1920,1080,1.13
left_right_C047.mp4 ,left_right,69,30.0,2.3,1920,1080,0.85
left_right_C048.mp4 ,left_right,58,30.0,1.9333333333333333,1920,1080,0.84
left_right_C049.mp4 ,left_right,69,30.0,2.3,1920,1080,1.32
left_right_C050.mp4 ,left_right,69,30.0,2.3,1920,1080,1.32
left_right_C051.mp4 ,left_right,62,30.0,2.066666666666667,1920,1080,0.76
left_right_C052.mp4 ,left_right,58,30.0,1.9333333333333333,1920,1080,1.05
left_right_C053.mp4 ,left_right,60,30.0,2.0,1920,1080,0.89
left_right_C054.mp4 ,left_right,58,30.0,1.9333333333333333,1920,1080,0.78
left_right_C055.mp4 ,left_right,52,30.0,1.7333333333333334,1920,1080,1.03
left_right_C056.mp4 ,left_right,59,30.0,1.9666666666666666,1920,1080,1.06
left_right_C057.mp4 ,left_right,65,30.0,2.1666666666666665,1920,1080,1.21
left_right_C058.mp4 ,left_right,66,30.0,2.2,1920,1080,1.3
left_right_C059.mp4 ,left_right,66,30.0,2.2,1920,1080,1.3
left_right_C060.mp4 ,left_right,63,30.0,2.1,1920,1080,1.18
left_right_C061.mp4 ,left_right,67,30.0,2.2333333333333334,1920,1080,0.82
left_right_C062.mp4 ,left_right,58,30.0,1.9333333333333333,1920,1080,0.86
left_right_C063.mp4 ,left_right,55,30.0,1.8333333333333333,1920,1080,1.31
left_right_C064.mp4 ,left_right,62,30.0,2.066666666666667,1920,1080,0.75
left_right_C065.mp4 ,left_right,65,30.0,2.1666666666666665,1920,1080,1.19
left_right_C066.mp4 ,left_right,75,30.0,2.5,1920,1080,1.46
left_right_C067.mp4 ,left_right,62,30.0,2.066666666666667,1920,1080,0.74
left_right_C068.mp4 ,left_right,61,30.0,2.033333333333333,1920,1080,1.17
left_right_C069.mp4 ,left_right,61,30.0,2.033333333333333,1920,1080,1.17
left_right_C070.mp4 ,left_right,62,30.0,2.066666666666667,1920,1080,1.17
left_right_C071.mp4 ,left_right,62,30.0,2.066666666666667,1920,1080,1.17
left_right_C072.mp4 ,left_right,60,30.0,2.0,1920,1080,1.1
left_right_C073.mp4 ,left_right,61,30.0,2.033333333333333,1920,1080,0.88
left_right_C074.mp4 ,left_right,61,30.0,2.033333333333333,1920,1080,1.13
left_right_C075.mp4 ,left_right,57,30.0,1.9,1920,1080,1.1
left_right_C076.mp4 ,left_right,58,30.0,1.9333333333333333,1920,1080,1.34
left_right_C077.mp4 ,left_right,69,30.0,2.3,1920,1080,1.05
left_right_C078.mp4 ,left_right,68,30.0,2.2666666666666666,1920,1080,1.23
left_right_C079.mp4 ,left_right,60,30.0,2.0,1920,1080,1.39
left_right_C080.mp4 ,left_right,71,30.0,2.3666666666666667,1920,1080,0.86
left_right_C081.mp4 ,left_right,60,30.0,2.0,1920,1080,1.1
left_right_C082.mp4 ,left_right,62,30.0,2.066666666666667,1920,1080,1.19
left_right_C083.mp4 ,left_right,61,30.0,2.033333333333333,1920,1080,0.76
left_right_C084.mp4 ,left_right,57,30.0,1.9,1920,1080,1.04
left_right_C085.mp4 ,left_right,66,30.0,2.2,1920,1080,1.25
left_right_C086.mp4 ,left_right,66,30.0,2.2,1920,1080,1.25
left_right_C087.mp4 ,left_right,69,30.0,2.3,1920,1080,0.81
left_right_C088.mp4 ,left_right,65,30.0,2.1666666666666665,1920,1080,1.07
left_right_C089.mp4 ,left_right,75,30.0,2.5,1920,1080,1.22
left_right_C090.mp4 ,left_right,58,30.0,1.9333333333333333,1920,1080,1.14
left_right_C091.mp4 ,left_right,61,30.0,2.033333333333333,1920,1080,0.93
left_right_C092.mp4 ,left_right,68,30.0,2.2666666666666666,1920,1080,1.11
left_right_C093.mp4 ,left_right,57,30.0,1.9,1920,1080,1.1
left_right_C094.mp4 ,left_right,69,30.0,2.3,1920,1080,0.84
left_right_C095.mp4 ,left_right,60,30.0,2.0,1920,1080,1.36
left_right_C096.mp4 ,left_right,64,30.0,2.1333333333333333,1920,1080,0.82
left_right_C097.mp4 ,left_right,53,30.0,1.7666666666666666,1920,1080,0.86
left_right_C098.mp4 ,left_right,68,30.0,2.2666666666666666,1920,1080,1.17
left_right_C099.mp4 ,left_right,68,30.0,2.2666666666666666,1920,1080,1.17
left_right_C100.mp4 ,left_right,70,30.0,2.3333333333333335,1920,1080,1.3
left_right_C101.mp4 ,left_right,70,30.0,2.3333333333333335,1920,1080,1.3
left_right_C102.mp4 ,left_right,61,30.0,2.033333333333333,1920,1080,1.08
left_right_C103.mp4 ,left_right,53,30.0,1.7666666666666666,1920,1080,0.81
left_right_C104.mp4 ,left_right,55,30.0,1.8333333333333333,1920,1080,0.88
left_right_C105.mp4 ,left_right,62,30.0,2.066666666666667,1920,1080,0.97
left_right_C106.mp4 ,left_right,66,30.0,2.2,1920,1080,1.21
left_right_C107.mp4 ,left_right,58,30.0,1.9333333333333333,1920,1080,0.71
left_right_C109.mp4 ,left_right,59,30.0,1.9666666666666666,1920,1080,1.43
left_right_C110.mp4 ,left_right,67,30.0,2.2333333333333334,1920,1080,1.22
left_right_C111.mp4 ,left_right,57,30.0,1.9,1920,1080,1.28
left_right_C112.mp4 ,left_right,64,30.0,2.1333333333333333,1920,1080,1.25
left_right_C113.mp4 ,left_right,64,30.0,2.1333333333333333,1920,1080,1.25
left_right_C114.mp4 ,left_right,60,30.0,2.0,1920,1080,0.95
left_right_C115.mp4 ,left_right,66,30.0,2.2,1920,1080,1.17
left_right_C116.mp4 ,left_right,59,30.0,1.9666666666666666,1920,1080,1.11
left_right_C117.mp4 ,left_right,59,30.0,1.9666666666666666,1920,1080,0.7
left_right_C118.mp4 ,left_right,62,30.0,2.066666666666667,1920,1080,1.09
left_right_C119.mp4 ,left_right,63,30.0,2.1,1920,1080,1.12
left_right_C120.mp4 ,left_right,61,30.0,2.033333333333333,1920,1080,1.09
left_right_C121.mp4 ,left_right,58,30.0,1.9333333333333333,1920,1080,1.38
left_right_C122.mp4 ,left_right,61,30.0,2.033333333333333,1920,1080,1.09
left_right_C123.mp4 ,left_right,57,30.0,1.9,1920,1080,0.97
left_right_C124.mp4 ,left_right,65,30.0,2.1666666666666665,1920,1080,1.14
left_right_C125.mp4 ,left_right,61,30.0,2.033333333333333,1920,1080,1.22
left_right_C126.mp4 ,left_right,70,30.0,2.3333333333333335,1920,1080,1.23
left_right_C127.mp4 ,left_right,70,30.0,2.3333333333333335,1920,1080,1.23
left_right_C128.mp4 ,left_right,58,30.0,1.9333333333333333,1920,1080,1.11
left_right_C129.mp4 ,left_right,60,30.0,2.0,1920,1080,1.4
left_right_C130.mp4 ,left_right,67,30.0,2.2333333333333334,1920,1080,1.23
left_right_C131.mp4 ,left_right,68,30.0,2.2666666666666666,1920,1080,1.21
left_right_C132.mp4 ,left_right,62,30.0,2.066666666666667,1920,1080,1.25
left_right_C133.mp4 ,left_right,64,30.0,2.1333333333333333,1920,1080,1.25
left_right_C134.mp4 ,left_right,61,30.0,2.033333333333333,1920,1080,1.15
left_right_C135.mp4 ,left_right,65,30.0,2.1666666666666665,1920,1080,1.19
